accuracy,precision,recall,f1,f2,mcc,roc_auc
0.9592684954280964,0.5523809523809524,0.9666666666666667,0.703030303030303,0.8405797101449275,0.713840702763773,0.992461358996792
